INSERT INTO `consultations_user` VALUES (1,'test','2012-04-30 14:59:10','');
INSERT INTO 
		`consultations_user`
VALUES 
		(2, 'krzysztof.arent', '2012-05-01 00:00:00', ''), 
		(3, 'tomasz.babczynski', '2012-05-01 00:00:00', ''),
		(4, 'dariusz.banasiak', '2012-05-01 00:00:00', ''),
		(5, 'marek.baranski', '2012-05-01 00:00:00', ''),
		(6, 'marek.bawiec', '2012-05-01 00:00:00', ''),
		(7, 'marek.bazan', '2012-05-01 00:00:00', ''),
		(8, 'krzysztof.berezowski', '2012-05-01 00:00:00', ''),
		(9, 'janusz.biernat', '2012-05-01 00:00:00', ''),
		(10, 'wojciech.bozejko', '2012-05-01 00:00:00', ''),
		(11, 'zbigniew.buchalski', '2012-05-01 00:00:00', ''),
		(12, 'dariusz.caban', '2012-05-01 00:00:00', ''),
		(13, 'artur.chorazyczewski', '2012-05-01 00:00:00', ''),
		(14, 'piotr.ciskowski', '2012-05-01 00:00:00', ''),
		(15, 'anna.czemplik', '2012-05-01 00:00:00', ''),
		(16, 'ignacy.duleba', '2012-05-01 00:00:00', ''),
		(17, 'roman.galar', '2012-05-01 00:00:00', ''),
		(18, 'pawel.gluchowski', '2012-05-01 00:00:00', ''),
		(19, 'mateusz.gorczyca', '2012-05-01 00:00:00', ''),
		(20, 'jerzy.greblicki', '2012-05-01 00:00:00', ''),
		(21, 'wlodzimierz.greblicki', '2012-05-01 00:00:00', ''),
		(22, 'janusz.halawa', '2012-05-01 00:00:00', ''),
		(23, 'krzysztof.halawa', '2012-05-01 00:00:00', ''),
		(24, 'zygmunt.hasiewicz', '2012-05-01 00:00:00', ''),
		(25, 'antoni.izworski', '2012-05-01 00:00:00', ''),
		(26, 'andrzej.jablonski', '2012-05-01 00:00:00', ''),
		(27, 'bartosz.jablonski', '2012-05-01 00:00:00', ''),
		(28, 'janusz.jakubiak', '2012-05-01 00:00:00', ''),
		(29, 'adam.janiak', '2012-05-01 00:00:00', ''),
		(30, 'mariusz.janiak', '2012-05-01 00:00:00', ''),
		(31, 'tomasz.janiczek', '2012-05-01 00:00:00', ''),
		(32, 'jacek.jarnicki', '2012-05-01 00:00:00', ''),
		(33, 'tadeusz.jeleniewski', '2012-05-01 00:00:00', ''),
		(34, 'tomasz.kaplon', '2012-05-01 00:00:00', ''),
		(35, 'iwona.duleba', '2012-05-01 00:00:00', ''),
		(36, 'ryszard.klempous', '2012-05-01 00:00:00', ''),
		(37, 'jan.klimesz', '2012-05-01 00:00:00', ''),
		(38, 'oleksandr.klosov', '2012-05-01 00:00:00', ''),
		(39, 'henryk.kordecki', '2012-05-01 00:00:00', ''),
		(40, 'lukasz.korus', '2012-05-01 00:00:00', ''),
		(41, 'jerzy.kotowski', '2012-05-01 00:00:00', ''),
		(42, 'andrzej.kozik', '2012-05-01 00:00:00', ''),
		(43, 'jerzy.krasniewski', '2012-05-01 00:00:00', ''),
		(44, 'bogdan.kreczmer', '2012-05-01 00:00:00', ''),
		(45, 'wojciech.rafajlowicz', '2012-05-01 00:00:00', ''),
		(46, 'zofia.kruczkiewicz', '2012-05-01 00:00:00', ''),
		(47, 'tomasz.krysiak', '2012-05-01 00:00:00', ''),
		(48, 'tomasz.kubik', '2012-05-01 00:00:00', ''),
		(49, 'maciej.lichtenstein', '2012-05-01 00:00:00', ''),
		(50, 'michal.lower', '2012-05-01 00:00:00', ''),
		(51, 'barbara.lysakowska', '2012-05-01 00:00:00', ''),
		(52, 'henryk.maciejewski', '2012-05-01 00:00:00', ''),
		(53, 'jan.magott', '2012-05-01 00:00:00', ''),
		(54, 'jacek.majewski', '2012-05-01 00:00:00', ''),
		(55, 'mariusz.makuchowski', '2012-05-01 00:00:00', ''),
		(56, 'lukasz.malek', '2012-05-01 00:00:00', ''),
		(57, 'alicja.mazur', '2012-05-01 00:00:00', ''),
		(58, 'jacek.mazurkiewicz', '2012-05-01 00:00:00', ''),
		(59, 'katarzyna.m.nowak', '2012-05-01 00:00:00', ''),
		(60, 'jaroslaw.mierzwa', '2012-05-01 00:00:00', ''),
		(61, 'wojciech.muszynski', '2012-05-01 00:00:00', ''),
		(62, 'robert.muszynski', '2012-05-01 00:00:00', ''),
		(63, 'grzegorz.mzyk', '2012-05-01 00:00:00', ''),
		(64, 'jan.nikodem', '2012-05-01 00:00:00', ''),
		(65, 'maciej.nikodem', '2012-05-01 00:00:00', ''),
		(66, 'wojciech.rafajlowicz', '2012-05-01 00:00:00', ''),
		(67, 'witold.paluszynski', '2012-05-01 00:00:00', ''),
		(68, 'piotr.patronik', '2012-05-01 00:00:00', ''),
		(69, 'jaroslaw.pempera', '2012-05-01 00:00:00', ''),
		(70, 'wojciech.penar', '2012-05-01 00:00:00', ''),
		(71, 'marek.piasecki', '2012-05-01 00:00:00', ''),
		(72, 'roman.ptak', '2012-05-01 00:00:00', ''),
		(73, 'ewaryst.rafajlowicz', '2012-05-01 00:00:00', ''),
		(74, 'pawel.rogalinski', '2012-05-01 00:00:00', ''),
		(75, 'elzbieta.roszkowska', '2012-05-01 00:00:00', ''),
		(76, 'andrzej.rusiecki', '2012-05-01 00:00:00', ''),
		(77, 'waldemar.sienkiewicz', '2012-05-01 00:00:00', ''),
		(78, 'marek.skowron', '2012-05-01 00:00:00', ''),
		(79, 'pawel.skrobanek', '2012-05-01 00:00:00', ''),
		(80, 'ewa.skubalska-rafajlowicz', '2012-05-01 00:00:00', ''),
		(81, 'czeslaw.smutnicki', '2012-05-01 00:00:00', ''),
		(82, 'wlodzimierz.solnik', '2012-05-01 00:00:00', ''),
		(83, 'andrzej.stachno', '2012-05-01 00:00:00', ''),
		(84, 'antoni.sterna', '2012-05-01 00:00:00', ''),
		(85, 'krystyn.styczen', '2012-05-01 00:00:00', ''),
		(86, 'jaroslaw.sugier', '2012-05-01 00:00:00', ''),
		(87, 'tomasz.surmacz', '2012-05-01 00:00:00', ''),
		(88, 'ewa.szlachcic', '2012-05-01 00:00:00', ''),
		(89, 'przemyslaw.sliwinski', '2012-05-01 00:00:00', ''),
		(90, 'krzysztof.tchon', '2012-05-01 00:00:00', ''),
		(91, 'tadeusz.tomczak', '2012-05-01 00:00:00', ''),
		(92, 'mateusz.tykierko', '2012-05-01 00:00:00', ''),
		(93, 'jedrzej.ulasiewicz', '2012-05-01 00:00:00', ''),
		(94, 'olgierd.unold', '2012-05-01 00:00:00', ''),
		(95, 'pawel.wachel', '2012-05-01 00:00:00', ''),
		(96, 'tomasz.walkowiak', '2012-05-01 00:00:00', ''),
		(97, 'marek.wnuk', '2012-05-01 00:00:00', ''),
		(98, 'marek.woda', '2012-05-01 00:00:00', ''),
		(99, 'andrzej.wolczowski', '2012-05-01 00:00:00', ''),
		(100, 'robert.wojcik', '2012-05-01 00:00:00', ''),
		(101, 'katarzyna.zadarnowska', '2012-05-01 00:00:00', ''),
		(102, 'zbigniew.zajda', '2012-05-01 00:00:00', ''),
		(103, 'wojciech.zamojski', '2012-05-01 00:00:00', ''),
		(104, 'magdalena.baranska', '2012-05-01 00:00:00', ''),
		(105, 'agata.brzozowska', '2012-05-01 00:00:00', ''),
		(106, 'andrzej.cichon', '2012-05-01 00:00:00', ''),
		(107, 'mateusz.cholewinski', '2012-05-01 00:00:00', ''),
		(108, 'mateusz.zarkowski', '2012-05-01 00:00:00', ''),
		(109, 'piotr.dobiega', '2012-05-01 00:00:00', ''),
		(110, 'rafal.januszkiewicz', '2012-05-01 00:00:00', ''),
		(111, 'marian.jureczko', '2012-05-01 00:00:00', ''),
		(112, 'lukasz.juszkiewicz', '2012-05-01 00:00:00', ''),
		(113, 'joanna.karpinska', '2012-05-01 00:00:00', ''),
		(114, 'jan.kedzierski', '2012-05-01 00:00:00', ''),
		(115, 'marcin.kowalski', '2012-05-01 00:00:00', ''),
		(116, 'tomasz.kwiatkowski', '2012-05-01 00:00:00', ''),
		(117, 'urszula.libal', '2012-05-01 00:00:00', ''),
		(118, 'pawel.drag', '2012-05-01 00:00:00', ''),
		(119, 'jakub.malewicz', '2012-05-01 00:00:00', ''),
		(120, 'karolina.mokrzysz', '2012-05-01 00:00:00', ''),
		(121, 'adam.oleksy', '2012-05-01 00:00:00', ''),
		(122, 'michal.opalka', '2012-05-01 00:00:00', ''),
		(123, 'joanna.plaskonka', '2012-05-01 00:00:00', ''),
		(124, 'michal.podgorski', '2012-05-01 00:00:00', ''),
		(125, 'jaroslaw.rudy', '2012-05-01 00:00:00', ''),
		(126, 'adam.ratajczak', '2012-05-01 00:00:00', ''),
		(127, 'piotr.spedzia', '2012-05-01 00:00:00', ''),
		(128, 'mariusz.slabicki', '2012-05-01 00:00:00', ''),
		(129, 'jacek.symonowicz', '2012-05-01 00:00:00', ''),
		(130, 'bartosz.tomeczko', '2012-05-01 00:00:00', ''),
		(131, 'radoslaw.trela', '2012-05-01 00:00:00', ''),
		(132, 'mariusz.uchronski', '2012-05-01 00:00:00', ''),
		(133, 'marcin.wesolowski', '2012-05-01 00:00:00', ''),
		(134, 'bartosz.wojciechowski', '2012-05-01 00:00:00', ''),
		(135, 'andrzej.wytyczak-partyka', '2012-05-01 00:00:00', '');
		
INSERT INTO 
		`consultations_localization` (room, building)
VALUES 
		('106', 'C-3'),
		('321', 'C-3'),
		('306', 'C-3'),
		('222', 'C-3'),
		('223', 'C-3'),
		('911', 'D-11'),
		('220', 'C-3'),
		('201', 'C-3'),
		('215', 'C-3'),
		('326', 'C-3'),
		('226', 'C-3'),
		('314', 'C-3'),
		('218', 'C-3'),
		('331A', 'C-3'),
		('210', 'C-3'),
		('314', 'C-3'),
		('313', 'C-3'),
		('305', 'C-3'),
		('220', 'C-3'),
		('213', 'C-3'),
		('316', 'C-3'),
		('911', 'D-20'),
		('202', 'C-3'),
		('317', 'C-3'),
		('316', 'C-3'),
		('911', 'D-20'),
		('331', 'C-3'),
		('312', 'C-3'),
		('331', 'C-3'),
		('313', 'C-3'),
		('226', 'C-3'),
		('324', 'C-3'),
		('326', 'C-3'),
		('317', 'C-3'),
		('221', 'C-3'),
		('315', 'C-3'),
		('313', 'C-3'),
		('215', 'C-3'),
		('316', 'C-3'),
		('219', 'C-3'),
		('326', 'C-3'),
		('322', 'C-3'),
		('307', 'C-3'),
		('317', 'C-3'),
		('325', 'C-3'),
		('305', 'C-3'),
		('311', 'C-3'),
		('305', 'C-3'),
		('022', 'C-3'),
		('221', 'C-3'),
		('225', 'C-3'),
		('311', 'C-3'),
		('227', 'C-3'),
		('215', 'C-3'),
		('209', 'C-3'),
		('330', 'C-3'),
		('225', 'C-3'),
		('224', 'C-3'),
		('306', 'C-3'),
		('310', 'C-3'),
		('331', 'C-3'),
		('218', 'C-3'),
		('225', 'C-3'),
		('223', 'C-3'),
		('204', 'C-3'),
		('307', 'C-3'),
		('220', 'C-3'),
		('216', 'C-3'),
		('102', 'C-3'),
		('324', 'C-3'),
		('324', 'C-3'),
		('204', 'C-3'),
		('325', 'C-3'),
		('310', 'C-3'),
		('911', 'D-20'),
		('222', 'C-3'),
		('217', 'C-3'),
		('321', 'C-3'),
		('212', 'C-3'),
		('216', 'C-3'),
		('331A', 'C-3'),
		('322', 'C-3'),
		('306', 'C-3'),
		('217', 'C-3'),
		('227', 'C-3'),
		('105', 'C-3'),
		('219', 'C-3'),
		('218', 'C-3'),
		('211', 'C-3'),
		('018', 'C-3'),
		('101', 'D-2'),
		('221', 'C-3'),
		('321', 'C-3'),
		('219', 'C-3'),
		('227', 'C-3'),
		('307', 'C-3'),
		('224', 'C-3'),
		('106', 'C-3'),
		('313', 'C-3'),
		('330', 'C-3'),
		('315', 'C-3'),
		('203', 'C-3'),
		('205', 'D-20'),
		('102', 'C-3'),
		('317', 'C-3'),
		('06', 'C-3'),
		('-', 'C-3'),
		('911', 'D-20'),
		('326', 'C-3'),
		('321', 'C-3'),
		('06', 'C-3'),
		('330', 'C-3'),
		('209', 'C-3'),
		('321', 'C-3'),
		('127L', 'C-3'),
		('318', 'C-3'),
		('217', 'C-3'),
		('010', 'C-3'),
		('127L', 'C-3'),
		('209', 'C-3'),
		('210', 'C-3'),
		('330', 'C-3'),
		('323', 'C-3'),
		('229', 'C-3'),
		('010', 'C-3'),
		('127P', 'C-3'),
		('316', 'C-3'),
		('018', 'C-3'),
		('326', 'C-3'),
		('308', 'C-3'),
		('215', 'C-3'),
		('220', 'C-3'),
		('223', 'C-3'),
		('24', 'D-5'),
		('115', 'D-20'),
		('319', 'C-3'),
		('08', 'E-1');
		
INSERT INTO 
		`consultations_tutor`
		(tutor_ID_id, degree, name, surname, institute, phone, email, www, localization_ID_id)
VALUES 
		(2, 'dr inż.', 'Krzysztof', 'Arent', 'IIAR', '71-320-27-26', 'krzysztof.arent@pwr.wroc.pl', ' ', 1),
		(3, 'dr inż.', 'Tomasz', 'Babczyński', 'IIAR', '71-320-20-15', 'tomasz.babczynski@pwr.wroc.pl', 'staff.iiar.pwr.wroc.pl/tomasz.babczynski', 2),
		(4, 'dr inż.', 'Dariusz', 'Banasiak', 'IIAR', '71-320-32-88', 'dariusz.banasiak@pwr.wroc.pl', 'staff.iiar.pwr.wroc.pl/dariusz.banasiak', 3),
		(5, 'dr inż.', 'Marek', 'Barański', 'IIAR', '71-320-26-69', 'marek.baranski@pwr.wroc.pl', ' ', 4),
		(6, 'dr inż.', 'Marek', 'Bawiec', 'IIAR', '71-320-27-59', 'marek.bawiec@pwr.wroc.pl', 'zak.ict.pwr.wroc.pl/bawiec', 5),
		(7, 'dr', 'Marek', 'Bazan', 'IIAR', '71-320-42-26', 'marek.bazan@pwr.wroc.pl', ' ', 6),
		(8, 'dr inż.', 'Krzysztof', 'Berezowski', 'IIAR', '71-320-27-59', 'krzysztof.berezowski@pwr.wroc.pl', ' ', 7),
		(9, 'prof. dr hab. inż.', 'Janusz', 'Biernat', 'IIAR', '71-320-39-16', 'janusz.biernat@pwr.wroc.pl', 'zak.ict.pwr.wroc.pl/biernat', 8),
		(10, 'dr hab.', 'Wojciech', 'Bożejko', 'IIAR', '71-320-29-61', 'wojciech.bozejko@pwr.wroc.pl', 'staff.iiar.pwr.wroc.pl/wojciech.bozejko', 9),
		(11, 'dr inż.', 'Zbigniew', 'Buchalski', 'IIAR', '71-320-32-92', 'zbigniew.buchalski@pwr.wroc.pl', 'staff.iiar.pwr.wroc.pl/zbigniew.buchalski/', 10),
		(12, 'dr inż.', 'Dariusz', 'Caban', 'IIAR', '71-320-28-23', 'dariusz.caban@pwr.wroc.pl', ' ', 11),
		(13, 'dr inż.', 'Artur', 'Chorążyczewski', 'IIAR', '71-320-22-78', 'artur.chorazyczewski@pwr.wroc.pl', ' ', 12),
		(14, 'dr inż.', 'Piotr', 'Ciskowski', 'IIAR', '71-320-32-77', 'piotr.ciskowski@pwr.wroc.pl', ' ', 13),
		(15, 'dr inż.', 'Anna', 'Czemplik', 'IIAR', '71-320-32-85', 'anna.czemplik@pwr.wroc.pl', 'anna.czemplik.staff.iiar.pwr.wroc.pl', 14),
		(16, 'prof. dr hab. inż.', 'Ignacy', 'Dulęba', 'IIAR', '71-320-43-55', 'ignacy.duleba@pwr.wroc.pl', 'ignacy.duleba.staff.iiar.pwr.wroc.pl', 15),
		(17, 'prof. dr hab. inż.', 'Roman', 'Galar', 'IIAR', '71-320-22-78', 'roman.galar@pwr.wroc.pl', ' ', 16),
		(18, 'mgr inż.', 'Paweł', 'Głuchowski', 'IIAR', '71-320-27-40', 'pawel.gluchowski@pwr.wroc.pl', ' ', 17),
		(19, 'dr inż.', 'Mateusz', 'Gorczyca', 'IIAR', '71-320-28-66', 'mateusz.gorczyca@pwr.wroc.pl', 'www.zsiia.ict.pwr.wroc.pl/Gorczyca', 18),
		(20, 'dr inż.', 'Jerzy', 'Greblicki', 'IIAR', '71-320-28-73', 'jerzy.greblicki@pwr.wroc.pl', ' ', 19),
		(21, 'prof. dr hab. inż.', 'Włodzimierz', 'Greblicki', 'IIAR', '71-320-33-57', 'wlodzimierz.greblicki@pwr.wroc.pl', ' ', 20),
		(22, 'prof. dr hab. inż.', 'Janusz', 'Halawa', 'IIAR', '71-320-24-30', 'janusz.halawa@pwr.wroc.pl', ' ', 21),
		(23, 'dr inż.', 'Krzysztof', 'Halawa', 'IIAR', '71-320-42-26', 'krzysztof.halawa@pwr.wroc.pl', ' ', 22),
		(24, 'prof. dr hab. inż.', 'Zygmunt', 'Hasiewicz', 'IIAR', '71-320-32-77', 'zygmunt.hasiewicz@pwr.wroc.pl', ' ', 23),
		(25, 'dr inż.', 'Antoni', 'Izworski', 'IIAR', '71-320-32-68', 'antoni.izworski@pwr.wroc.pl', ' ', 24),
		(26, 'dr inż.', 'Andrzej', 'Jabłoński', 'IIAR', '71-320-24-30', 'andrzej.jablonski@pwr.wroc.pl', ' ', 25),
		(27, 'dr inż.', 'Bartosz', 'Jabłoński', 'IIAR', '71-320-42-26', 'bartosz.jablonski@pwr.wroc.pl', 'staff.iiar.pwr.wroc.pl/bartosz.jablonski', 26),
		(28, 'dr inż.', 'Janusz', 'Jakubiak', 'IIAR', '71-320-26-44', 'janusz.jakubiak@pwr.wroc.pl', 'sequoia.ict.pwr.wroc.pl/~jjakubia', 27),
		(29, 'prof. dr hab. inż.', 'Adam', 'Janiak', 'IIAR', '71-320-21-07', 'adam.janiak@pwr.wroc.pl', 'www.zsiia.ict.pwr.wroc.pl/Janiak', 28),
		(30, 'dr inż.', 'Mariusz', 'Janiak', 'IIAR', '71-320-26-44', 'mariusz.janiak@pwr.wroc.pl', ' ', 29),
		(31, 'dr inż.', 'Tomasz', 'Janiczek', 'IIAR', '71-320-37-48', 'tomasz.janiczek@pwr.wroc.pl', ' ', 30),
		(32, 'doc. dr inż.', 'Jacek', 'Jarnicki', 'IIAR', '71-320-28-23', 'jacek.jarnicki@pwr.wroc.pl', ' ', 31),
		(33, 'dr inż.', 'Tadeusz', 'Jeleniewski', 'IIAR', '71-320-22-79', 'tadeusz.jeleniewski@pwr.wroc.pl', ' ', 32),
		(34, 'dr inż.', 'Tomasz', 'Kapłon', 'IIAR', '71-320-32-92', 'tomasz.kaplon@pwr.wroc.pl', 'staff.iiar.pwr.wroc.pl/tomasz.kaplon', 33),
		(35, 'dr hab. inż.', 'Iwona', 'Karcz-Dulęba', 'IIAR', '71-320-32-68', 'iwona.duleba@pwr.wroc.pl', 'iwona.duleba.staff.iiar.pwr.wroc.pl', 34),
		(36, 'dr inż.', 'Ryszard', 'Klempous', 'IIAR', '71-320-28-48', 'ryszard.klempous@pwr.wroc.pl', ' ', 35),
		(37, 'mgr inż.', 'Jan', 'Klimesz', 'IIAR', '71-320-26-48', 'jan.klimesz@pwr.wroc.pl', ' ', 36),
		(38, 'dr', 'Oleksandr', 'Klosov', 'IIAR', '71-320-27-40', 'oleksandr.klosov@pwr.wroc.pl', ' ', 37),
		(39, 'dr inż.', 'Henryk', 'Kordecki', 'IIAR', '71-320-29-61', 'henryk.kordecki@pwr.wroc.pl', ' ', 38),
		(40, 'dr inż.', 'Łukasz', 'Korus', 'IIAR', '71-320-24-30', 'lukasz.korus@pwr.wroc.pl', 'staff.iiar.pwr.wroc.pl/lukasz.korus', 39),
		(41, 'dr inż.', 'Jerzy', 'Kotowski', 'IIAR', '71-320-38-52', 'jerzy.kotowski@pwr.wroc.pl', 'staff.iiar.pwr.wroc.pl/jerzy.kotowski', 40),
		(42, 'dr inż.', 'Andrzej', 'Kozik', 'IIAR', '71-320-32-92', 'andrzej.kozik@pwr.wroc.pl', 'www.zsiia.ict.pwr.wroc.pl/Kozik', 41),
		(43, 'mgr inż.', 'Jerzy', 'Kraśniewski', 'IIAR', '71-320-26-43', 'jerzy.krasniewski@pwr.wroc.pl', ' ', 42),
		(44, 'dr inż.', 'Bogdan', 'Kreczmer', 'IIAR', '71-320-27-41', 'bogdan.kreczmer@pwr.wroc.pl', ' ', 43),
		(45, 'mgr inż.', 'Wojciech', 'Rafajłowicz', 'IIAR', '71-320-32-68', 'wojciech.rafajlowicz@pwr.wroc.pl', ' ', 44),
		(46, 'dr inż.', 'Zofia', 'Kruczkiewicz', 'IIAR', '71-320-27-51', 'zofia.kruczkiewicz@pwr.wroc.pl', ' ', 45),
		(47, 'dr inż.', 'Tomasz', 'Krysiak', 'IIAR', '71-320-28-66', 'tomasz.krysiak@pwr.wroc.pl', 'www.zsiia.ict.pwr.wroc.pl/Krysiak', 46),
		(48, 'dr inż.', 'Tomasz', 'Kubik', 'IIAR', '71-320-32-95', 'tomasz.kubik@pwr.wroc.pl', 'tomasz.kubik.staff.iiar.pwr.wroc.pl', 47),
		(49, 'dr inż.', 'Maciej', 'Lichtenstein', 'IIAR', '71-320-28-66', 'maciej.lichtenstein@pwr.wroc.pl', 'www.zsiia.ict.pwr.wroc.pl/Lichtenstein', 48),
		(50, 'dr inż.', 'Michał', 'Lower', 'IIAR', '71-320-29-69', 'michal.lower@pwr.wroc.pl', ' ', 49),
		(51, 'doc. dr inż.', 'Barbara', 'Łysakowska', 'IIAR', '71-320-28-48', 'barbara.lysakowska@pwr.wroc.pl', ' ', 50),
		(52, 'dr inż.', 'Henryk', 'Maciejewski', 'IIAR', '71-320-26-81', 'henryk.maciejewski@pwr.wroc.pl', ' ', 51),
		(53, 'prof. dr hab. inż.', 'Jan', 'Magott', 'IIAR', '71-320-32-95', 'jan.magott@pwr.wroc.pl', ' ', 52),
		(54, 'dr inż.', 'Jacek', 'Majewski', 'IIAR', '71-320-39-96', 'jacek.majewski@pwr.wroc.pl', ' ', 53),
		(55, 'dr inż.', 'Mariusz', 'Makuchowski', 'IIAR', '71-320-29-61', 'mariusz.makuchowski@pwr.wroc.pl', 'mariusz.makuchowski.staff.iiar.pwr.wroc.pl', 54),
		(56, 'dr inż.', 'Łukasz', 'Małek', 'IIAR', '71-320-45-43', 'lukasz.malek@pwr.wroc.pl', ' ', 55),
		(57, 'dr hab. inż.', 'Alicja', 'Mazur', 'IIAR', '71-320-26-08', 'alicja.mazur@pwr.wroc.pl', ' ', 56),
		(58, 'dr inż.', 'Jacek', 'Mazurkiewicz', 'IIAR', '71-320-26-81', 'jacek.mazurkiewicz@pwr.wroc.pl', 'www.zsk.ict.pwr.wroc.pl/zsk/pracownicy/jmazurkiewicz', 57),
		(59, 'dr inż.', 'Katarzyna', 'Nowak', 'IIAR', '71-320-28-60', 'katarzyna.m.nowak@pwr.wroc.pl', ' ', 58),
		(60, 'dr inż.', 'Jarosław', 'Mierzwa', 'IIAR', '71-320-32-88', 'jaroslaw.mierzwa@pwr.wroc.pl', ' ', 59),
		(61, 'dr inż.', 'Wojciech', 'Muszyłski', 'IIAR', '71-320-32-98', 'wojciech.muszynski@pwr.wroc.pl', ' ', 60),
		(62, 'dr inż.', 'Robert', 'Muszyłski', 'IIAR', '71-320-26-44', 'robert.muszynski@pwr.wroc.pl', ' ', 61),
		(63, 'dr inż.', 'Grzegorz', 'Mzyk', 'IIAR', '71-320-32-77', 'grzegorz.mzyk@pwr.wroc.pl', 'staff.iiar.pwr.wroc.pl/grzegorz.mzyk/', 62),
		(64, 'dr inż.', 'Jan', 'Nikodem', 'IIAR', '71-320-26-81', 'jan.nikodem@pwr.wroc.pl', ' ', 63),
		(65, 'dr inż.', 'Maciej', 'Nikodem', 'IIAR', '71-320-29-69', 'maciej.nikodem@pwr.wroc.pl', 'zak.ict.pwr.wroc.pl/nikodem', 64),
		(66, 'mgr inż.', 'Wojciech', 'Rafajłowicz', 'IIAR', '71-320-27-95', 'wojciech.rafajlowicz@pwr.wroc.pl', ' ', 65),
		(67, 'doc. dr inż.', 'Witold', 'Paluszyński', 'IIAR', '71-320-27-41', 'witold.paluszynski@pwr.wroc.pl', ' ', 66),
		(68, 'dr inż.', 'Piotr', 'Patronik', 'IIAR', '71-320-27-59', 'piotr.patronik@pwr.wroc.pl', 'zak.ict.pwr.wroc.pl/patronik', 67),
		(69, 'dr inż.', 'Jarosław', 'Pempera', 'IIAR', '71-320-28-34', 'jaroslaw.pempera@pwr.wroc.pl', ' ', 68),
		(70, 'mgr inż.', 'Wojciech', 'Penar', 'IIAR', '71-320-31-25', 'wojciech.penar@pwr.wroc.pl', ' ', 69),
		(71, 'dr inż.', 'Marek', 'Piasecki', 'IIAR', '71-320-22-79', 'marek.piasecki@pwr.wroc.pl', 'marek.piasecki.staff.iiar.pwr.wroc.pl/dydaktyka', 70),
		(72, 'dr inż.', 'Roman', 'Ptak', 'IIAR', '71-320-22-79', 'roman.ptak@pwr.wroc.pl', ' ', 71),
		(73, 'prof. dr hab. inż.', 'Ewaryst', 'Rafajłowicz', 'IIAR', '71-320-27-95', 'ewaryst.rafajlowicz@pwr.wroc.pl', ' ', 72),
		(74, 'dr inż.', 'Paweł', 'Rogaliński', 'IIAR', '71-320-27-51', 'pawel.rogalinski@pwr.wroc.pl', ' ', 73),
		(75, 'dr inż.', 'Elżbieta', 'Roszkowska', 'IIAR', '71-320-32-98', 'elzbieta.roszkowska@pwr.wroc.pl', ' ', 74),
		(76, 'dr inż.', 'Andrzej', 'Rusiecki', 'IIAR', '71-320-42-26', 'andrzej.rusiecki@pwr.wroc.pl', 'andrzej.rusiecki.staff.iiar.pwr.wroc.pl', 75),
		(77, 'mgr inż.', 'Waldemar', 'Sienkiewicz', 'IIAR', '71-320-29-69', 'waldemar.sienkiewicz@pwr.wroc.pl', ' ', 76),
		(78, 'dr inż.', 'Marek', 'Skowron', 'IIAR', '71-320-38-38', 'marek.skowron@pwr.wroc.pl', 'staff.iiar.pwr.wroc.pl/marek.skowron', 77),
		(79, 'dr inż.', 'Paweł', 'Skrobanek', 'IIAR', '71-320-20-15', 'pawel.skrobanek@pwr.wroc.pl', 'staff.iiar.pwr.wroc.pl/pawel.skrobanek', 78),
		(80, 'dr hab. inż.', 'Ewa', 'Skubalska-Rafajlowicz', 'IIAR', '71-320-33-45', 'ewa.skubalska-rafajlowicz@pwr.wroc.pl', ' ', 79),
		(81, 'prof. dr hab. inż.', 'Czesław', 'Smutnicki', 'IIAR', '71-320-32-81', 'czeslaw.smutnicki@pwr.wroc.pl', ' ', 80),
		(82, 'doc. dr inż.', 'Włodzimierz', 'Solnik', 'IIAR', '71-320-32-85', 'wlodzimierz.solnik@pwr.wroc.pl', ' ', 81),
		(83, 'mgr inż.', 'Andrzej', 'Stachno', 'IIAR', '71-320-24-89', 'andrzej.stachno@pwr.wroc.pl', ' ', 82),
		(84, 'mgr inż.', 'Antoni', 'Sterna', 'IIAR', '71-320-32-88', 'antoni.sterna@pwr.wroc.pl', 'staff.iiar.pwr.wroc.pl/antoni.sterna', 83),
		(85, 'prof. dr hab. inż.', 'Krystyn', 'Styczen', 'IIAR', '71-320-38-38', 'krystyn.styczen@pwr.wroc.pl', 'staff.iiar.pwr.wroc.pl/krystyn.styczen', 84),
		(86, 'dr inż.', 'Jarosław', 'Sugier', 'IIAR', '71-320-39-96', 'jaroslaw.sugier@pwr.wroc.pl', ' ', 85),
		(87, 'dr inż.', 'Tomasz', 'Surmacz', 'IIAR', '71-320-27-52', 'tomasz.surmacz@pwr.wroc.pl', 'zak.ict.pwr.wroc.pl/surmacz', 86),
		(88, 'dr inż.', 'Ewa', 'Szlachcic', 'IIAR', '71-320-38-52', 'ewa.szlachcic@pwr.wroc.pl', 'staff.iiar.pwr.wroc.pl/ewa.szlachcic', 87),
		(89, 'dr inż.', 'Przemysław', 'Sliwinski', 'IIAR', '71-320-32-77', 'przemyslaw.sliwinski@pwr.wroc.pl', 'diuna.iiar.pwr.wroc.pl/sliwinski', 88),
		(90, 'prof. dr hab. inż.', 'Krzysztof', 'Tchon', 'IIAR', '71-320-32-71', 'krzysztof.tchon@pwr.wroc.pl', ' ', 89),
		(91, 'dr inż.', 'Tadeusz', 'Tomczak', 'IIAR', '71-320-41-07', 'tadeusz.tomczak@pwr.wroc.pl', 'zak.ict.pwr.wroc.pl/tomczak', 90),
		(92, 'dr inż.', 'Mateusz', 'Tykierko', 'IIAR', '71-320-20-14', 'mateusz.tykierko@pwr.wroc.pl', ' ', 91),
		(93, 'doc. dr inż.', 'Jędrzej', 'Ulasiewicz', 'IIAR', '71-320-28-48', 'jedrzej.ulasiewicz@pwr.wroc.pl', 'jedrzej.ulasiewicz.staff.iiar.pwr.wroc.pl', 92),
		(94, 'dr hab. inż.', 'Olgierd', 'Unold', 'IIAR', '71-320-20-15', 'olgierd.unold@pwr.wroc.pl', 'staff.iiar.pwr.wroc.pl/olgierd.unold', 93),
		(95, 'dr inż.', 'Pawel', 'Wachel', 'IIAR', '71-320-38-52', 'pawel.wachel@pwr.wroc.pl', ' ', 94),
		(96, 'dr inż.', 'Tomasz', 'Walkowiak', 'IIAR', '71-320-39-96', 'tomasz.walkowiak@pwr.wroc.pl', ' ', 95),
		(97, 'dr inż.', 'Marek', 'Wnuk', 'IIAR', '71-320-27-41', 'marek.wnuk@pwr.wroc.pl', 'rab.ict.pwr.wroc.pl/~mw', 96),
		(98, 'dr inż.', 'Marek', 'Woda', 'IIAR', '71-320-28-60', 'marek.woda@pwr.wroc.pl', ' ', 97),
		(99, 'dr inż.', 'Andrzej', 'Wołczowski', 'IIAR', '71-320-27-26', 'andrzej.wolczowski@pwr.wroc.pl', ' ', 98),
		(100, 'dr inż.', 'Robert', 'Wójcik', 'IIAR', '71-320-27-40', 'robert.wojcik@pwr.wroc.pl', ' ', 99),
		(101, 'dr inż.', 'Katarzyna', 'Zadarnowska', 'IIAR', '71-320-26-08', 'katarzyna.zadarnowska@pwr.wroc.pl', ' ', 100),
		(102, 'dr inż.', 'Zbigniew', 'Zajda', 'IIAR', '71-320-26-48', 'zbigniew.zajda@pwr.wroc.pl', ' ', 101),
		(103, 'prof. dr hab. inż.', 'Wojciech', 'Zamojski', 'IIAR', '71-320-34-33', 'wojciech.zamojski@pwr.wroc.pl', ' ', 102),
		(104, 'mgr inż.', 'Magdalena', 'Barańska', 'IIAR', '71-320-26-06', 'magdalena.baranska@pwr.wroc.pl', ' ', 103),
		(105, 'mgr inż.', 'Agata', 'Brzozowska', 'IIAR', '71-320-33-05', 'agata.brzozowska@pwr.wroc.pl', ' ', 104),
		(106, 'mgr inż.', 'Andrzej', 'Cichoń', 'IIAR', '71-320-32-68', 'andrzej.cichon@pwr.wroc.pl', ' ', 105),
		(107, 'mgr inż.', 'Mateusz', 'Cholewiński', 'IIAR', NULL, 'mateusz.cholewinski@pwr.wroc.pl', ' ', 106),
		(108, 'mgr inż.', 'Mateusz', 'Żarkowski', 'IIAR', NULL, 'mateusz.zarkowski@pwr.wroc.pl', ' ', 107),
		(109, 'mgr inż.', 'Piotr', 'Dobiega', 'IIAR', NULL, 'piotr.dobiega@pwr.wroc.pl', ' ', 108),
		(110, 'mgr inż.', 'Rafał', 'Januszkiewicz', 'IIAR', NULL, 'rafal.januszkiewicz@pwr.wroc.pl', ' ', 109),
		(111, 'mgr inż.', 'Marian', 'Jureczko', 'IIAR', NULL, 'marian.jureczko@pwr.wroc.pl', ' ', 110),
		(112, 'mgr inż.', 'Łukasz', 'Juszkiewicz', 'IIAR', '71-320-29-37', 'lukasz.juszkiewicz@pwr.wroc.pl', ' ', 111),
		(113, 'mgr inż.', 'Joanna', 'Karpińska', 'IIAR', '71-320-26-08', 'joanna.karpinska@pwr.wroc.pl', ' ', 112),
		(114, 'mgr inż.', 'Jan', 'Kędzierski', 'IIAR', '71-320-45-43', 'jan.kedzierski@pwr.wroc.pl', ' ', 113),
		(115, 'mgr inż.', 'Marcin', 'Kowalski', 'IIAR', '71-320-20-15', 'marcin.kowalski@pwr.wroc.pl', ' ', 114),
		(116, 'mgr inż.', 'Tomasz', 'Kwiatkowski', 'IIAR', NULL, 'tomasz.kwiatkowski@pwr.wroc.pl', ' ', 115),
		(117, 'mgr inż.', 'Urszula', 'Libal', 'IIAR', NULL, 'urszula.libal@pwr.wroc.pl', ' ', 116),
		(118, 'mgr inż.', 'Paweł', 'Drąg', 'IIAR', '71-320-38-38', 'pawel.drag@pwr.wroc.pl', ' ', 117),
		(119, 'mgr inż.', 'Jakub', 'Malewicz', 'IIAR', '71-320-26-84', 'jakub.malewicz@pwr.wroc.pl', ' ', 118),
		(120, 'mgr inż.', 'Karolina', 'Mokrzysz', 'IIAR', NULL, 'karolina.mokrzysz@pwr.wroc.pl', ' ', 119),
		(121, 'mgr inż.', 'Adam', 'Oleksy', 'IIAR', '71-320-45-43', 'adam.oleksy@pwr.wroc.pl', ' ', 120),
		(122, 'mgr inż.', 'Michał', 'Opałka', 'IIAR', NULL, 'michal.opalka@pwr.wroc.pl', ' ', 121),
		(123, 'mgr inż.', 'Joanna', 'Płaskonka', 'IIAR', '71-320-26-08', 'joanna.plaskonka@pwr.wroc.pl', ' ', 122),
		(124, 'mgr inż.', 'Michał', 'Podgórski', 'IIAR', NULL, 'michal.podgorski@pwr.wroc.pl', ' ', 123),
		(125, 'mgr inż.', 'Jaroslaw', 'Rudy', 'IIAR', NULL, 'jaroslaw.rudy@pwr.wroc.pl', ' ', 124),
		(126, 'mgr inż.', 'Adam', 'Ratajczak', 'IIAR', '71-320-26-84', 'adam.ratajczak@pwr.wroc.pl', ' ', 125),
		(127, 'mgr inż.', 'Piotr', 'Spędzia', 'IIAR', NULL, 'piotr.spedzia@pwr.wroc.pl', ' ', 126),
		(128, 'mgr inż.', 'Mariusz', 'Słabicki', 'IIAR', NULL, 'mariusz.slabicki@pwr.wroc.pl', ' ', 127),
		(129, 'mgr inż.', 'Jacek', 'Symonowicz', 'IIAR', '71-320-41-07', 'jacek.symonowicz@pwr.wroc.pl', ' ', 128),
		(130, 'mgr inż.', 'Bartosz', 'Tomeczko', 'IIAR', '71-320-32-92', 'bartosz.tomeczko@pwr.wroc.pl', ' ', 129),
		(131, 'mgr inż.', 'Radoslaw', 'Trela', 'IIAR', NULL, 'radoslaw.trela@pwr.wroc.pl', ' ', 130),
		(132, 'mgr inż.', 'Mariusz', 'Uchroński', 'IIAR', '71-320-29-61', 'mariusz.uchronski@pwr.wroc.pl', ' ', 131),
		(133, 'mgr inż.', 'Marcin', 'Wesołowski', 'IIAR', NULL, 'marcin.wesolowski@pwr.wroc.pl', ' ', 132),
		(134, 'mgr inż.', 'Bartosz', 'Wojciechowski', 'IIAR', '71-320-28-73', 'bartosz.wojciechowski@pwr.wroc.pl', ' ', 133),
		(135, 'mgr inż.', 'Andrzej', 'Wytyczak-Partyka', 'IIAR', NULL, 'andrzej.wytyczak-partyka@pwr.wroc.pl', ' ', 134);
		
INSERT INTO 
		consultations_infoboard (date_of_adding, message, tutor_id_id)
VALUES 
		('2012-05-01 00:00:00', '', 1),
		('2012-05-01 00:00:00', '', 2),
		('2012-05-01 00:00:00', '', 3),
		('2012-05-01 00:00:00', '', 4),
		('2012-05-01 00:00:00', '', 5),
		('2012-05-01 00:00:00', '', 6),
		('2012-05-01 00:00:00', '', 7),
		('2012-05-01 00:00:00', '', 8),
		('2012-05-01 00:00:00', '', 9),		
		('2012-05-01 00:00:00', '', 10),
		('2012-05-01 00:00:00', '', 11),
		('2012-05-01 00:00:00', '', 12),
		('2012-05-01 00:00:00', '', 13),
		('2012-05-01 00:00:00', '', 14),
		('2012-05-01 00:00:00', '', 15),
		('2012-05-01 00:00:00', '', 16),
		('2012-05-01 00:00:00', '', 17),
		('2012-05-01 00:00:00', '', 18),
		('2012-05-01 00:00:00', '', 19),
		('2012-05-01 00:00:00', '', 20),
		('2012-05-01 00:00:00', '', 21),
		('2012-05-01 00:00:00', '', 22),
		('2012-05-01 00:00:00', '', 23),
		('2012-05-01 00:00:00', '', 24),
		('2012-05-01 00:00:00', '', 25),
		('2012-05-01 00:00:00', '', 26),
		('2012-05-01 00:00:00', '', 27),
		('2012-05-01 00:00:00', '', 28),
		('2012-05-01 00:00:00', '', 29),
		('2012-05-01 00:00:00', '', 30),
		('2012-05-01 00:00:00', '', 31),
		('2012-05-01 00:00:00', '', 32),
		('2012-05-01 00:00:00', '', 33),
		('2012-05-01 00:00:00', '', 34),
		('2012-05-01 00:00:00', '', 35),
		('2012-05-01 00:00:00', '', 36),
		('2012-05-01 00:00:00', '', 37),
		('2012-05-01 00:00:00', '', 38),
		('2012-05-01 00:00:00', '', 39),
		('2012-05-01 00:00:00', '', 40),
		('2012-05-01 00:00:00', '', 41),
		('2012-05-01 00:00:00', '', 42),
		('2012-05-01 00:00:00', '', 43),
		('2012-05-01 00:00:00', '', 44),
		('2012-05-01 00:00:00', '', 45),
		('2012-05-01 00:00:00', '', 46),
		('2012-05-01 00:00:00', '', 47),
		('2012-05-01 00:00:00', '', 48),
		('2012-05-01 00:00:00', '', 49),
		('2012-05-01 00:00:00', '', 50),
		('2012-05-01 00:00:00', '', 51),
		('2012-05-01 00:00:00', '', 52),
		('2012-05-01 00:00:00', '', 53),
		('2012-05-01 00:00:00', '', 54),
		('2012-05-01 00:00:00', '', 55),
		('2012-05-01 00:00:00', '', 56),
		('2012-05-01 00:00:00', '', 57),
		('2012-05-01 00:00:00', '', 58),
		('2012-05-01 00:00:00', '', 59),
		('2012-05-01 00:00:00', '', 60),
		('2012-05-01 00:00:00', '', 61),
		('2012-05-01 00:00:00', '', 62),
		('2012-05-01 00:00:00', '', 63),
		('2012-05-01 00:00:00', '', 64),
		('2012-05-01 00:00:00', '', 65),
		('2012-05-01 00:00:00', '', 66),
		('2012-05-01 00:00:00', '', 67),
		('2012-05-01 00:00:00', '', 68),
		('2012-05-01 00:00:00', '', 69),
		('2012-05-01 00:00:00', '', 70),
		('2012-05-01 00:00:00', '', 71),
		('2012-05-01 00:00:00', '', 72),
		('2012-05-01 00:00:00', '', 73),
		('2012-05-01 00:00:00', '', 74),
		('2012-05-01 00:00:00', '', 75),
		('2012-05-01 00:00:00', '', 76),
		('2012-05-01 00:00:00', '', 77),
		('2012-05-01 00:00:00', '', 78),
		('2012-05-01 00:00:00', '', 79),
		('2012-05-01 00:00:00', '', 80),
		('2012-05-01 00:00:00', '', 81),
		('2012-05-01 00:00:00', '', 82),
		('2012-05-01 00:00:00', '', 83),
		('2012-05-01 00:00:00', '', 84),
		('2012-05-01 00:00:00', '', 85),
		('2012-05-01 00:00:00', '', 86),
		('2012-05-01 00:00:00', '', 87),
		('2012-05-01 00:00:00', '', 88),
		('2012-05-01 00:00:00', '', 89),
		('2012-05-01 00:00:00', '', 90),
		('2012-05-01 00:00:00', '', 91),
		('2012-05-01 00:00:00', '', 92),
		('2012-05-01 00:00:00', '', 93),
		('2012-05-01 00:00:00', '', 94),
		('2012-05-01 00:00:00', '', 95),
		('2012-05-01 00:00:00', '', 96),
		('2012-05-01 00:00:00', '', 97),
		('2012-05-01 00:00:00', '', 98),
		('2012-05-01 00:00:00', '', 99),
		('2012-05-01 00:00:00', '', 100),
		('2012-05-01 00:00:00', '', 101),
		('2012-05-01 00:00:00', '', 102),
		('2012-05-01 00:00:00', '', 103),
		('2012-05-01 00:00:00', '', 104),
		('2012-05-01 00:00:00', '', 105),
		('2012-05-01 00:00:00', '', 106),
		('2012-05-01 00:00:00', '', 107),
		('2012-05-01 00:00:00', '', 108),
		('2012-05-01 00:00:00', '', 109),
		('2012-05-01 00:00:00', '', 110),
		('2012-05-01 00:00:00', '', 111),
		('2012-05-01 00:00:00', '', 112),
		('2012-05-01 00:00:00', '', 113),
		('2012-05-01 00:00:00', '', 114),
		('2012-05-01 00:00:00', '', 115),
		('2012-05-01 00:00:00', '', 116),
		('2012-05-01 00:00:00', '', 117),
		('2012-05-01 00:00:00', '', 118),
		('2012-05-01 00:00:00', '', 119),
		('2012-05-01 00:00:00', '', 120),
		('2012-05-01 00:00:00', '', 121),
		('2012-05-01 00:00:00', '', 122),
		('2012-05-01 00:00:00', '', 123),
		('2012-05-01 00:00:00', '', 124),
		('2012-05-01 00:00:00', '', 125),
		('2012-05-01 00:00:00', '', 126),
		('2012-05-01 00:00:00', '', 127),
		('2012-05-01 00:00:00', '', 128),
		('2012-05-01 00:00:00', '', 129),
		('2012-05-01 00:00:00', '', 130),
		('2012-05-01 00:00:00', '', 131),
		('2012-05-01 00:00:00', '', 132),
		('2012-05-01 00:00:00', '', 133),
		('2012-05-01 00:00:00', '', 134);
		
INSERT INTO 
		`consultations_consultation` 
		(tutor_ID_id, start_hour, start_minutes, end_hour, end_minutes, day, week_type, localization_ID_id, expiry_date)
VALUES 
		#Arent
		(1, 15, '00', 17, '00', 'Środa', 'A', 1, '2012-06-01 00:00:00'),
		(1, 9, '00', 11, '00', 'Czwartek', 'A', 1, '2012-06-01 00:00:00' ),
		#Babczynski
		(2, 14, '00', 15, '00', 'Poniedziałek', 'A', 2, '2012-06-01 00:00:00'),
		(2, 11, '00', 12, '00', 'Czwartek', 'A', 2, '2012-06-01 00:00:00'),
		(2, 13, '00', 15, '00', 'Piątek', 'A', 2, '2012-06-01 00:00:00'),
		#Banasiak
		(3, 11, '00', 13, '00', 'Środa', 'A', 3, '2012-06-01 00:00:00'),
		(3, 11, '00', 13, '00', 'Czwartek', 'A', 3, '2012-06-01 00:00:00'),
		#Bawiec
		(5, 11, '00', 13, '00', 'Środa', 'A', 5, '2012-06-01 00:00:00'),
		(5, 13, '00', 15, '00', 'Piątek', 'A', 5, '2012-06-01 00:00:00'),
		#Berezowski
		(7, 15, '00', 17, '00', 'Poniedziałek', 'A', 7, '2012-06-01 00:00:00'),
		(7, 11, '00', 13, '00', 'Środa', 'A', 7, '2012-06-01 00:00:00'),
		#Biernat
		(8, 15, '00', 16, '00', 'Poniedziałek', 'A', 8, '2012-06-01 00:00:00'),
		(8, 10, '00', 12, '00', 'Środa', 'A', 8, '2012-06-01 00:00:00'),
		(8, 8, '00', 9, '00', 'Czwartek', 'A', 8, '2012-06-01 00:00:00'),
		#Bozejko
		(9, 11, '00', 13, '00', 'Środa', 'A', 9, '2012-06-01 00:00:00'),
		(9, 11, '00', 13, '00', 'Czwartek', 'A', 9, '2012-06-01 00:00:00'),
		#Buchalski
		(10, 11, '00', 13, '00', 'Poniedziałek', 'A', 10, '2012-06-01 00:00:00'),
		(10, 11, '00', 13, '00', 'Środa', 'A', 10, '2012-06-01 00:00:00'),
		#Caban
		(11, 11, '00', 13, '00', 'Wtorek', 'A', 11, '2012-06-01 00:00:00'),
		(11, 12, '00', 14, '00', 'Środa', 'A', 11, '2012-06-01 00:00:00'),
		#Chorazyczewski
		(12, 11, '00', 13, '00', 'Wtorek', 'A', 12, '2012-06-01 00:00:00'),
		(12, 20, '30', 22, '30', 'Środa', 'A', 12, '2012-06-01 00:00:00'),
		#Ciskowski:
		(13, 11, '15', 13, '15', 'Wtorek', 'A', 135, '2012-06-01 00:00:00'),
		(13, 17, '00', 19, '00', 'Czwartek', 'A', 13, '2012-06-01 00:00:00'),
		#Czemplik:
		(14, 15, '00', 17, '00', 'Wtorek', 'A', 14, '2012-06-01 00:00:00'),
		(14, 9, '00', 11, '00', 'Czwartek', 'A', 14, '2012-06-01 00:00:00'),
		#Duleba:
		(15, 11, '00', 12, '00', 'Wtorek', 'A', 15, '2012-06-01 00:00:00'),
		(15, 16, '00', 17, '00', 'Wtorek', 'A', 15, '2012-06-01 00:00:00'),
		(15, 9, '00', 11, '00', 'Czwartek', 'A', 15, '2012-06-01 00:00:00'),
		#Galar:
		(16, 10, '00', 11, '00', 'Wtorek', 'A', 16, '2012-06-01 00:00:00'),
		#Gorczyca:
		(18, 13, '00', 15, '00', 'Wtorek', 'A', 18, '2012-06-01 00:00:00'),
		(18, 15, '50', 17, '50', 'Czwartek', 'N', 18, '2012-06-01 00:00:00'),
		#Greblicki J:
		(19, 8, '00', 10, '00', 'Środa', 'A', 19, '2012-06-01 00:00:00'),
		(19, 7, '30', 9, '15', 'Czwartek', 'A', 19, '2012-06-01 00:00:00'),
		#Greblicki W:
		(20, 11, '00', 13, '00', 'Wtorek', 'A', 20, '2012-06-01 00:00:00'),
		(20, 911, '00', 13, '00', 'Środa', 'A', 20, '2012-06-01 00:00:00'),
		#Halawa J:
		(21, 14, '00', 15, '00', 'Wtorek', 'A', 21, '2012-06-01 00:00:00'),
		#Halawa K:
		(22, 12, '15', 14, '15', 'Środa', 'A', 22, '2012-06-01 00:00:00'),
		(22, 11, '15', 13, '15', 'Czwartek', 'A', 22, '2012-06-01 00:00:00'),
		#Hasiewicz:
		(23, 9, '00', 11, '00', 'Środa', 'A', 23, '2012-06-01 00:00:00'),
		(23, 9, '00', 11, '00', 'Czwartek', 'A', 23, '2012-06-01 00:00:00'),
		#Izworski:
		(24, 13, '00', 14, '00', 'Wtorek', 'A', 24, '2012-06-01 00:00:00'),
		(24, 9, '30', 11, '30', 'Środa', 'A', 24, '2012-06-01 00:00:00'),
		#Jablonski A:
		(25, 13, '00', 15, '00', 'Wtorek', 'A', 25, '2012-06-01 00:00:00'),
		(25, 11, '00', 13, '00', 'Środa', 'A', 25, '2012-06-01 00:00:00'),
		#Jablonski B:
		(26, 16, '00', 18, '00', 'Poniedziałek', 'A', 26, '2012-06-01 00:00:00'),
		(26, 15, '00', 17, '00', 'Czwartek', 'A', 136, '2012-06-01 00:00:00'),
		#Jakubiak:
		(27, 9, '00', 11, '00', 'Środa', 'A', 27, '2012-06-01 00:00:00'),
		(27, 9, '00', 11, '00', 'Czwartek', 'A', 27, '2012-06-01 00:00:00'),
		#Janiak A:
		(28, 13, '00', 15, '00', 'Środa', 'A', 28, '2012-06-01 00:00:00'),
		(28, 17, '00', 19, '00', 'Środa', 'N', 28, '2012-06-01 00:00:00'),
		(28, 10, '00', 11, '00', 'Czwartek', 'A', 28, '2012-06-01 00:00:00'),
		#Janiak M:
		(29, 13, '00', 14, '00', 'Piątek', 'A', 29, '2012-06-01 00:00:00'),
		#Janiczek:
		(30, 9, '00', 11, '00', 'Wtorek', 'A', 30, '2012-06-01 00:00:00'),
		#Jarnicki:
		(31, 11, '00', 13, '00', 'Środa', 'A', 31, '2012-06-01 00:00:00'),
		(31, 9, '00', 11, '00', 'Czwartek', 'A', 31, '2012-06-01 00:00:00'),
		#Kaplon:
		(33, 15, '00', 17, '00', 'Wtorek', 'P', 33, '2012-06-01 00:00:00'),
		(33, 17, '00', 19, '00', 'Wtorek', 'N', 33, '2012-06-01 00:00:00'),
		(33, 16, '00', 18, '00', 'Piątek', 'A', 33, '2012-06-01 00:00:00'),
		#Karcz-Duleba:
		(34, 11, '00', 13, '00', 'Poniedziałek', 'A', 34, '2012-06-01 00:00:00'),
		(34, 13, '00', 15, '00', 'Wtorek', 'A', 34, '2012-06-01 00:00:00'),
		#Klempous:
		(35, 14, '00', 16, '00', 'Wtorek', 'A', 35, '2012-06-01 00:00:00'),
		(35, 10, '00', 11, '00', 'Środa', 'A', 137, '2012-06-01 00:00:00'),
		(35, 13, '00', 14, '00', 'Środa', 'A', 137, '2012-06-01 00:00:00'),
		#Klimesz:
		(36, 11, '00', 12, '00', 'Wtorek', 'A', 36, '2012-06-01 00:00:00'),
		#Klosov:
		(37, 11, '00', 13, '00', 'Wtorek', 'A', 37, '2012-06-01 00:00:00'),
		(37, 11, '00', 12, '00', 'Sobota', 'N', 37, '2012-06-01 00:00:00'),
		(37, 12, '00', 13, '00', 'Sobota', 'P', 37, '2012-06-01 00:00:00'),
		#Kordecki:
		(38, 9, '00', 11, '00', 'Poniedziałek', 'A', 38, '2012-06-01 00:00:00'),
		(38, 9, '00', 11, '00', 'Piątek', 'A', 38, '2012-06-01 00:00:00'),
		#Kotowski:
		(40, 13, '00', 15, '00', 'Środa', 'A', 40, '2012-06-01 00:00:00'),
		(40, 11, '00', 13, '00', 'Czwartek', 'A', 40, '2012-06-01 00:00:00'),
		#Kozik:
		(41, 11, '30', 13, '30', 'Poniedziałek', 'A', 41, '2012-06-01 00:00:00'),
		(41, 11, '30', 13, '30', 'Środa', 'A', 41, '2012-06-01 00:00:00'),
		#Kreczmer:
		(43, 9, '00', 11, '00', 'Wtorek', 'A', 43, '2012-06-01 00:00:00'),
		(43, 15, '00', 17, '00', 'Piątek', 'A', 43, '2012-06-01 00:00:00'),
		#Rafajłowicz:
		(44, 14, '00', 16, '00', 'Poniedziałek', 'A', 44, '2012-06-01 00:00:00'),
		(44, 14, '00', 16, '00', 'Wtorek', 'N', 44, '2012-06-01 00:00:00'),
		(44, 12, '00', 14, '00', 'Środa', 'P', 44, '2012-06-01 00:00:00'),
		#Kruczkiewicz:
		(45, 16, '00', 18, '00', 'Poniedziałek', 'A', 45, '2012-06-01 00:00:00'),
		(45, 15, '00', 17, '00', 'Środa', 'A', 45, '2012-06-01 00:00:00'),
		#Krysiak:
		(46, 9, '00', 11, '00', 'Poniedziałek', 'A', 46, '2012-06-01 00:00:00'),
		(46, 15, '00', 17, '00', 'Środa', 'A', 46, '2012-06-01 00:00:00'),
		#Kubik:
		(47, 7, '30', 9, '00', 'Wtorek', 'A', 47, '2012-06-01 00:00:00'),
		(47, 11, '00', 13, '00', 'Czwartek', 'A', 47, '2012-06-01 00:00:00'),
		#Lichtenstein:
		(48, 15, '00', 17, '00', 'Poniedziałek', 'A', 48, '2012-06-01 00:00:00'),
		(48, 9, '00', 11, '00', 'Piątek', 'A', 48, '2012-06-01 00:00:00'),
		#Lower:
		(49, 9, '00', 11, '00', 'Wtorek', 'P', 49, '2012-06-01 00:00:00'),
		(49, 12, '00', 14, '00', 'Środa', 'N', 49, '2012-06-01 00:00:00'),
		(49, 13, '00', 15, '00', 'Czwartek', 'A', 49, '2012-06-01 00:00:00'),
		#Łysakowska:
		(50, 12, '00', 14, '00', 'Poniedziałek', 'A', 50, '2012-06-01 00:00:00'),
		(50, 11, '30', 13, '30', 'Środa', 'A', 50, '2012-06-01 00:00:00'),
		#Maciejewski:
		(51, 9, '00', 10, '00', 'Poniedziałek', 'A', 51, '2012-06-01 00:00:00'),
		(51, 10, '00', 13, '00', 'Wtorek', 'A', 51, '2012-06-01 00:00:00'),
		#Magott:
		(52, 15, '00', 17, '00', 'Wtorek', 'A', 52, '2012-06-01 00:00:00'),
		(52, 15, '00', 17, '00', 'Czwartek', 'A', 52, '2012-06-01 00:00:00'),
		#Majewski:
		(53, 11, '00', 13, '00', 'Środa', 'A', 53, '2012-06-01 00:00:00'),
		(53, 11, '00', 12, '00', 'Czwartek', 'A', 53, '2012-06-01 00:00:00'),
		(53, 14, '00', 15, '00', 'Czwartek', 'A', 53, '2012-06-01 00:00:00'),
		#Makuchowski:
		(54, 11, '15', 13, '15', 'Wtorek', 'A', 54, '2012-06-01 00:00:00'),
		(54, 13, '15', 15, '15', 'Środa', 'A', 54, '2012-06-01 00:00:00'),
		#Małek:
		(55, 10, '00', 11, '00', 'Piątek', 'A', 55, '2012-06-01 00:00:00'),
		#Mazur:
		(56, 8, '30', 10, '30', 'Wtorek', 'A', 56, '2012-06-01 00:00:00'),
		(56, 10, '00', 11, '00', 'Środa', 'A', 56, '2012-06-01 00:00:00'),
		(56, 9, '00', 11, '00', 'Czwartek', 'P', 56, '2012-06-01 00:00:00'),
		#Mazurkiewicz:
		(57, 13, '00', 15, '00', 'Wtorek', 'P', 57, '2012-06-01 00:00:00'),
		(57, 9, '00', 11, '00', 'Środa', 'A', 57, '2012-06-01 00:00:00'),
		(57, 13, '00', 15, '00', 'Czwartek', 'A', 57, '2012-06-01 00:00:00'),
		#Nowak:
		(58, 15, '00', 17, '00', 'Wtorek', 'A', 58, '2012-06-01 00:00:00'),
		(58, 11, '00', 13, '00', 'Środa', 'A', 58, '2012-06-01 00:00:00'),
		#Mierzwa:
		(59, 11, '00', 13, '00', 'Środa', 'A', 59, '2012-06-01 00:00:00'),
		(59, 11, '00', 13, '00', 'Piątek', 'A', 59, '2012-06-01 00:00:00'),
		#Muszynski W:
		(60, 9, '30', 11, '30', 'Środa', 'A', 60, '2012-06-01 00:00:00'),
		(60, 13, '00', 15, '00', 'Czwartek', 'A', 60, '2012-06-01 00:00:00'),
		#Muszynski R:
		(61, 16, '00', 18, '00', 'Środa', 'A', 61, '2012-06-01 00:00:00'),
		(61, 9, '00', 11, '00', 'Czwartek', 'A', 61, '2012-06-01 00:00:00'),
		#Mzyk:
		(62, 17, '00', 19, '00', 'Wtorek', 'A', 62, '2012-06-01 00:00:00'),
		(62, 13, '00', 15, '00', 'Środa', 'A', 62, '2012-06-01 00:00:00'),
		#Nikodem J:
		(63, 10, '00', 12, '00', 'Środa', 'A', 63, '2012-06-01 00:00:00'),
		(63, 9, '45', 11, '45', 'Piątek', 'A', 63, '2012-06-01 00:00:00'),
		#Nikodem M:
		(64, 9, '00', 11, '00', 'Poniedziałek', 'A', 64, '2012-06-01 00:00:00'),
		(64, 9, '00', 11, '00', 'Wtorek', 'A', 64, '2012-06-01 00:00:00'),
		#Rafajlowicz W:
		(65, 14, '00', 16, '00', 'Poniedziałek', 'A', 65, '2012-06-01 00:00:00'),
		(65, 14, '00', 16, '00', 'Wtorek', 'N', 65, '2012-06-01 00:00:00'),
		(65, 12, '00', 14, '00', 'Środa', 'P', 65, '2012-06-01 00:00:00'),
		#Paluszynski:
		(66, 14, '00', 16, '00', 'Środa', 'A', 66, '2012-06-01 00:00:00'),
		(66, 13, '00', 15, '00', 'Czwartek', 'A', 66, '2012-06-01 00:00:00'),
		#Patronik:
		(67, 11, '00', 13, '00', 'Wtorek', 'A', 67, '2012-06-01 00:00:00'),
		(67, 15, '00', 17, '00', 'Środa', 'A', 67, '2012-06-01 00:00:00'),
		#Pempera:
		(68, 17, '00', 21, '00', 'Poniedziałek', 'N', 68, '2012-06-01 00:00:00'),
		(68, 19, '00', 20, '00', 'Wtorek', 'A', 68, '2012-06-01 00:00:00'),
		(68, 9, '00', 13, '00', 'Środa', 'N', 68, '2012-06-01 00:00:00'),
		#Piasecki:
		(70, 11, '00', 13, '00', 'Wtorek', 'A', 70, '2012-06-01 00:00:00'),
		(70, 15, '00', 17, '00', 'Czwartek', 'A', 70, '2012-06-01 00:00:00'),
		#Ptak:
		(71, 15, '00', 17, '00', 'Środa', 'A', 71, '2012-06-01 00:00:00'),
		(71, 17, '00', 19, '00', 'Czwartek', 'A', 71, '2012-06-01 00:00:00'),
		#Rafajlowicz E:
		(72, 11, '00', 13, '00', 'Środa', 'A', 72, '2012-06-01 00:00:00'),
		(72, 11, '00', 13, '00', 'Czwartek', 'A', 72, '2012-06-01 00:00:00'),
		#Rogalinski:
		(73, 11, '00', 13, '00', 'Wtorek', 'A', 73, '2012-06-01 00:00:00'),
		(73, 17, '00', 19, '00', 'Środa', 'N', 73, '2012-06-01 00:00:00'),
		(73, 17, '00', 19, '00', 'Czwartek', 'P', 73, '2012-06-01 00:00:00'),
		#Roszkowska:
		(74, 11, '00', 13, '00', 'Wtorek', 'A', 74, '2012-06-01 00:00:00'),
		(74, 13, '00', 15, '00', 'Czwartek', 'A', 74, '2012-06-01 00:00:00'),
		#Rusiecki:
		(75, 9, '00', 11, '00', 'Poniedziałek', 'A', 75, '2012-06-01 00:00:00'),
		(75, 15, '00', 17, '00', 'Środa', 'A', 75, '2012-06-01 00:00:00'),
		#Sienkiewicz:
		(76, 13, '00', 15, '00', 'Poniedziałek', 'A', 76, '2012-06-01 00:00:00'),
		(76, 13, '00', 15, '00', 'Środa', 'A', 76, '2012-06-01 00:00:00'),
		#Skowron:
		(77, 18, '00', 20, '00', 'Poniedziałek', 'A', 77, '2012-06-01 00:00:00'),
		(77, 18, '00', 20, '00', 'Piątek', 'A', 77, '2012-06-01 00:00:00'),
		#Skrobanek:
		(78, 18, '00', 20, '00', 'Poniedziałek', 'A', 78, '2012-06-01 00:00:00'),
		(78, 9, '00', 11, '00', 'Wtorek', 'A', 78, '2012-06-01 00:00:00'),
		#Skubalska-Rafajlowicz:
		(79, 11, '00', 13, '00', 'Środa', 'A', 79, '2012-06-01 00:00:00'),
		(79, 11, '00', 13, '00', 'Czwartek', 'A', 79, '2012-06-01 00:00:00'),
		#Smutnicki:
		(80, 13, '00', 15, '00', 'Wtorek', 'A', 80, '2012-06-01 00:00:00'),
		(80, 10, '00', 12, '00', 'Czwartek', 'A', 80, '2012-06-01 00:00:00'),
		#Solnik:
		(81, 10, '00', 12, '00', 'Poniedziałek', 'A', 81, '2012-06-01 00:00:00'),
		(81, 11, '00', 13, '00', 'Czwartek', 'A', 81, '2012-06-01 00:00:00'),
		#Stachno:
		(82, 12, '00', 13, '00', 'Środa', 'A', 82, '2012-06-01 00:00:00'),
		#Sterna:
		(83, 11, '00', 13, '00', 'Środa', 'A', 83, '2012-06-01 00:00:00'),
		(83, 8, '00', 9, '00', 'Czwartek', 'A', 83, '2012-06-01 00:00:00'),
		(83, 13, '00', 14, '00', 'Czwartek', 'A', 83, '2012-06-01 00:00:00'),
		#Styczen:
		(84, 17, '00', 19, '00', 'Wtorek', 'A', 84, '2012-06-01 00:00:00'),
		(84, 13, '00', 15, '00', 'Środa', 'A', 84, '2012-06-01 00:00:00'),
		#Sugier:
		(85, 12, '00', 14, '00', 'Poniedziałek', 'A', 85, '2012-06-01 00:00:00'),
		(85, 12, '00', 14, '00', 'Środa', 'A', 85, '2012-06-01 00:00:00'),
		#Surmacz:
		(86, 12, '00', 14, '00', 'Poniedziałek', 'A', 86, '2012-06-01 00:00:00'),
		(86, 15, '00', 17, '00', 'Środa', 'A', 86, '2012-06-01 00:00:00'),
		#Szlachcic:
		(87, 15, '00', 17, '00', 'Wtorek', 'A', 87, '2012-06-01 00:00:00'),
		(87, 11, '00', 13, '00', 'Czwartek', 'A', 87, '2012-06-01 00:00:00'),
		#Sliwinski:
		(88, 9, '00', 11, '00', 'Poniedziałek', 'A', 88, '2012-06-01 00:00:00'),
		(88, 9, '00', 11, '00', 'Środa', 'A', 88, '2012-06-01 00:00:00'),
		#Tchon:
		(89, 13, '00', 15, '00', 'Poniedziałek', 'A', 89, '2012-06-01 00:00:00'),
		(89, 10, '00', 12, '00', 'Czwartek', 'A', 89, '2012-06-01 00:00:00'),
		#Tomczak:
		(90, 16, '00', 18, '00', 'Środa', 'A', 90, '2012-06-01 00:00:00'),
		(90, 18, '30', 20, '30', 'Czwartek', 'A', 90, '2012-06-01 00:00:00'),
		#Tykierko:
		(91, 13, '15', 14, '15', 'Poniedziałek', 'A', 91, '2012-06-01 00:00:00'),
		#Ulasiewicz:
		(92, 13, '00', 15, '00', 'Wtorek', 'A', 92, '2012-06-01 00:00:00'),
		(92, 12, '00', 14, '00', 'Czwartek', 'A', 92, '2012-06-01 00:00:00'),
		#Unold:
		(93, 11, '00', 13, '00', 'Wtorek', 'A', 93, '2012-06-01 00:00:00'),
		(93, 11, '00', 13, '00', 'Czwartek', 'A', 93, '2012-06-01 00:00:00'),
		#Wachel:
		(94, 12, '00', 13, '00', 'Środa', 'A', 94, '2012-06-01 00:00:00'),
		(94, 11, '00', 13, '00', 'Czwartek', 'A', 94, '2012-06-01 00:00:00'),
		(94, 13, '00', 14, '00', 'Piątek', 'A', 94, '2012-06-01 00:00:00'),
		#Walkowiak:
		(95, 17, '00', 19, '00', 'Wtorek', 'A', 95, '2012-06-01 00:00:00'),
		(95, 12, '00', 14, '00', 'Piątek', 'A', 95, '2012-06-01 00:00:00'),
		#Wnuk:
		(96, 13, '00', 15, '00', 'Środa', 'A', 96, '2012-06-01 00:00:00'),
		(96, 9, '00', 11, '00', 'Czwartek', 'A', 96, '2012-06-01 00:00:00'),
		#Woda:
		(97, 9, '00', 10, '00', 'Poniedziałek', 'A', 97, '2012-06-01 00:00:00'),
		(97, 14, '00', 15, '00', 'Poniedziałek', 'A', 97, '2012-06-01 00:00:00'),
		(97, 9, '00', 11, '00', 'Środa', 'A', 97, '2012-06-01 00:00:00'),
		#Wolczowski:
		(98, 12, '00', 14, '00', 'Wtorek', 'A', 98, '2012-06-01 00:00:00'),
		(98, 14, '20', 16, '20', 'Czwartek', 'A', 98, '2012-06-01 00:00:00'),
		#Wojcik:
		(99, 14, '00', 16, '00', 'Poniedziałek', 'A', 99, '2012-06-01 00:00:00'),
		(99, 17, '00', 19, '00', 'Środa', 'A', 99, '2012-06-01 00:00:00'),
		#Zadarnowska:
		(100, 9, '00', 10, '00', 'Środa', 'A', 100, '2012-06-01 00:00:00'),
		(100, 10, '00', 11, '00', 'Czwartek', 'A', 100, '2012-06-01 00:00:00'),
		(100, 13, '00', 15, '00', 'Czwartek', 'A', 100, '2012-06-01 00:00:00'),
		#Zajda:
		(101, 13, '00', 15, '00', 'Poniedziałek', 'A', 101, '2012-06-01 00:00:00'),
		(101, 13, '00', 15, '00', 'Środa', 'A', 101, '2012-06-01 00:00:00'),
		#Brzozowska:
		(104, 13, '00', 14, '00', 'Wtorek', 'A', 104, '2012-06-01 00:00:00'),
		#Cichon:
		(105, 15, '15', 16, '15', 'Poniedziałek', 'A', 105, '2012-06-01 00:00:00'),
		#Cholewinski:
		(106, 15, '00', 16, '00', 'Poniedziałek', 'A', 106, '2012-06-01 00:00:00'),
		#Zarkowski:
		(107, 18, '45', 19, '45', 'Czwartek', 'A', 107, '2012-06-01 00:00:00'),
		#Jureczko
		(111, 17, '00', 18, '00', 'Poniedziałek', 'A', 111, '2012-06-01 00:00:00'),
		#Juszkiewicz:
		(112, 11, '00', 12, '00', 'Piątek', 'A', 112, '2012-06-01 00:00:00'),
		#Kedzierski:
		(114, 9, '00', 11, '00', 'Wtorek', 'A', 114, '2012-06-01 00:00:00'),
		#Libal:
		(116, 11, '00', 12, '00', 'Czwartek', 'A', 116, '2012-06-01 00:00:00'),
		#Drag:
		(117, 13, '00', 15, '00', 'Poniedziałek', 'A', 117, '2012-06-01 00:00:00'),
		#Oleksy:
		(120, 13, '00', 14, '00', 'Piątek', 'A', 120, '2012-06-01 00:00:00'),
		#Opalka:
		(121, 10, '00', 11, '00', 'Czwartek', 'A', 121, '2012-06-01 00:00:00'),
		#Rudy:
		(124, 13, '00', 14, '00', 'Wtorek', 'A', 124, '2012-06-01 00:00:00'),
		#Uchronski:
		(131, 16, '00', 17, '00', 'Wtorek', 'A', 131, '2012-06-01 00:00:00'),
		#Wesolowski:
		(132, 14, '00', 15, '00', 'Poniedziałek', 'A', 132, '2012-06-01 00:00:00'),
		#Wojciechowski:
		(133, 10, '00', 11, '00', 'Wtorek', 'A', 133, '2012-06-01 00:00:00'),
		#Wytyczak-Partyka:
		(134, 15, '30', 16, '30', 'Czwartek', 'A', 134, '2012-06-01 00:00:00');
		